checklist_type,card_number,subset,player_name,team,rc_flag
Base,1,Base,James Wood,Washington Nationals,RC
Base,2,Base,Yu Darvish,San Diego Padres,
Base,3,Base,Colton Cowser,Baltimore Orioles,
Base,4,Base,Ryan Bliss,Seattle Mariners,RC
Base,5,Base,Will Wagner,San Diego Padres,RC
Base,6,Base,Cal Raleigh,Seattle Mariners,
Base,7,Base,Victor Mesa Jr.,Miami Marlins,RC
Base,8,Base,Chris Sale,Atlanta Braves,
Base,9,Base,Jace Jung,Detroit Tigers,RC
Base,10,Base,Bryan Reynolds,Pittsburgh Pirates,
Base,11,Base,Corey Seager,Texas Rangers,
Base,12,Base,Chase Meidroth,Chicago White Sox,RC
Base,13,Base,Kyle Schwarber,Philadelphia Phillies,
Base,14,Base,Austin Wells,New York Yankees,
Base,15,Base,Jhonkensy Noel,Cleveland Guardians,RC
Base,16,Base,Bo Bichette,Toronto Blue Jays,
Base,17,Base,Drew Romo,Colorado Rockies,RC
Base,18,Base,Chase Dollander,Colorado Rockies,RC
Base,19,Base,Royce Lewis,Minnesota Twins,
Base,20,Base,Ezequiel Tovar,Colorado Rockies,
Base,21,Base,Fernando Tatis Jr.,San Diego Padres,
Base,22,Base,Jose Altuve,Houston Astros,
Base,23,Base,Will Warren,New York Yankees,RC
Base,24,Base,Luisangel Acuña,New York Mets,RC
Base,25,Base,Bobby Witt Jr.,Kansas City Royals,
Base,26,Base,Cade Horton,Chicago Cubs,RC
Base,27,Base,Giancarlo Stanton,New York Yankees,
Base,28,Base,Grant McCray,San Francisco Giants,RC
Base,29,Base,Adolis García,Texas Rangers,
Base,30,Base,Vladimir Guerrero Jr.,Toronto Blue Jays,
Base,31,Base,Chase Petty,Cincinnati Reds,RC
Base,32,Base,Nick Yorke,Pittsburgh Pirates,RC
Base,33,Base,Christian Walker,Houston Astros,
Base,34,Base,Logan Gilbert,Seattle Mariners,
Base,35,Base,Matt Shaw,Chicago Cubs,RC
Base,36,Base,Mark Vientos,New York Mets,
Base,37,Base,Francisco Alvarez,New York Mets,
Base,38,Base,Cody Bellinger,New York Yankees,
Base,39,Base,Garrett Crochet,Boston Red Sox,
Base,40,Base,Max Muncy,Athletics,RC
Base,41,Base,Heliot Ramos,San Francisco Giants,
Base,42,Base,Max Fried,New York Yankees,
Base,43,Base,Nacho Alvarez Jr.,Atlanta Braves,RC
Base,44,Base,Thomas Saggese,St. Louis Cardinals,RC
Base,45,Base,Brooks Baldwin,Chicago White Sox,RC
Base,46,Base,Alex Bregman,Boston Red Sox,
Base,47,Base,Kristian Campbell,Boston Red Sox,RC
Base,48,Base,Yoshinobu Yamamoto,Los Angeles Dodgers,
Base,49,Base,Oneil Cruz,Pittsburgh Pirates,
Base,50,Base,Rhett Lowder,Cincinnati Reds,RC
Base,51,Base,Isaac Collins,Milwaukee Brewers,RC
Base,52,Base,Vinnie Pasquantino,Kansas City Royals,
Base,53,Base,Dalton Rushing,Los Angeles Dodgers,RC
Base,54,Base,Luis Arraez,San Diego Padres,
Base,55,Base,Agustín Ramírez,Miami Marlins,RC
Base,56,Base,Shohei Ohtani,Los Angeles Dodgers,
Base,57,Base,Nico Hoerner,Chicago Cubs,
Base,58,Base,Moisés Ballesteros,Chicago Cubs,RC
Base,59,Base,Kevin Alcántara,Chicago Cubs,RC
Base,60,Base,Steven Kwan,Cleveland Guardians,
Base,61,Base,Kris Bryant,Colorado Rockies,
Base,62,Base,Braxton Ashcraft,Pittsburgh Pirates,RC
Base,63,Base,Salvador Perez,Kansas City Royals,
Base,64,Base,Jung Hoo Lee,San Francisco Giants,
Base,65,Base,Orelvis Martinez,Toronto Blue Jays,RC
Base,66,Base,Justin Verlander,San Francisco Giants,
Base,67,Base,Nic Enright,Cleveland Guardians,RC
Base,68,Base,Roki Sasaki,Los Angeles Dodgers,RC
Base,69,Base,Christian Yelich,Milwaukee Brewers,
Base,70,Base,Marcus Semien,Texas Rangers,
Base,71,Base,Wilyer Abreu,Boston Red Sox,
Base,72,Base,Matt Chapman,San Francisco Giants,
Base,73,Base,Riley Greene,Detroit Tigers,
Base,74,Base,Gleyber Torres,Detroit Tigers,
Base,75,Base,Justyn-Henry Malloy,Detroit Tigers,RC
Base,76,Base,Byron Buxton,Minnesota Twins,
Base,77,Base,Teoscar Hernández,Los Angeles Dodgers,
Base,78,Base,Dillon Dingler,Detroit Tigers,RC
Base,79,Base,Thomas Harrington,Pittsburgh Pirates,RC
Base,80,Base,Lawrence Butler,Athletics,
Base,81,Base,Hunter Greene,Cincinnati Reds,
Base,82,Base,Gerrit Cole,New York Yankees,
Base,83,Base,Daylen Lile,Washington Nationals,RC
Base,84,Base,Leo Jiménez,Toronto Blue Jays,RC
Base,85,Base,George Springer,Toronto Blue Jays,
Base,86,Base,Manny Machado,San Diego Padres,
Base,87,Base,Austin Riley,Atlanta Braves,
Base,88,Base,Logan Webb,San Francisco Giants,
Base,89,Base,Jeremy Peña,Houston Astros,
Base,90,Base,Isaac Paredes,Houston Astros,
Base,91,Base,Marcelo Mayer,Boston Red Sox,RC
Base,92,Base,Jorbit Vivas,New York Yankees,RC
Base,93,Base,Zac Veen,Colorado Rockies,RC
Base,94,Base,Rece Hinds,Cincinnati Reds,RC
Base,95,Base,Julio Rodríguez,Seattle Mariners,
Base,96,Base,Drake Baldwin,Atlanta Braves,RC
Base,97,Base,Adael Amador,Colorado Rockies,RC
Base,98,Base,Freddie Freeman,Los Angeles Dodgers,
Base,99,Base,Mookie Betts,Los Angeles Dodgers,
Base,100,Base,Paul Skenes,Pittsburgh Pirates,
Base,101,Base,Carlos Correa,Houston Astros,
Base,102,Base,Adley Rutschman,Baltimore Orioles,
Base,103,Base,Corbin Carroll,Arizona Diamondbacks,
Base,104,Base,Pete Crow-Armstrong,Chicago Cubs,
Base,105,Base,Spencer Strider,Atlanta Braves,
Base,106,Base,Francisco Lindor,New York Mets,
Base,107,Base,José Ramírez,Cleveland Guardians,
Base,108,Base,Robert Hassell III,Washington Nationals,RC
Base,109,Base,Ozzie Albies,Atlanta Braves,
Base,110,Base,Jordan Lawlar,Arizona Diamondbacks,
Base,111,Base,Aaron Nola,Philadelphia Phillies,
Base,112,Base,Yordan Alvarez,Houston Astros,
Base,113,Base,Zach Neto,Los Angeles Angels,
Base,114,Base,Connor Norby,Miami Marlins,RC
Base,115,Base,Jarren Duran,Boston Red Sox,
Base,116,Base,Max Scherzer,Toronto Blue Jays,
Base,117,Base,Andrew McCutchen,Pittsburgh Pirates,
Base,118,Base,Gunnar Henderson,Baltimore Orioles,
Base,119,Base,Masyn Winn,St. Louis Cardinals,
Base,120,Base,Kumar Rocker,Texas Rangers,RC
Base,121,Base,Luis Castillo,Seattle Mariners,
Base,122,Base,Freddy Peralta,Milwaukee Brewers,
Base,123,Base,Trea Turner,Philadelphia Phillies,
Base,124,Base,Jackson Chourio,Milwaukee Brewers,
Base,125,Base,Javier Báez,Detroit Tigers,
Base,126,Base,Edgar Quero,Chicago White Sox,RC
Base,127,Base,Tarik Skubal,Detroit Tigers,
Base,128,Base,Clayton Kershaw,Los Angeles Dodgers,
Base,129,Base,Brooks Lee,Minnesota Twins,RC
Base,130,Base,Jackson Merrill,San Diego Padres,
Base,131,Base,Blake Snell,Los Angeles Dodgers,
Base,132,Base,Elly De La Cruz,Cincinnati Reds,
Base,133,Base,Jasson Domínguez,New York Yankees,
Base,134,Base,MacKenzie Gore,Washington Nationals,
Base,135,Base,Seiya Suzuki,Chicago Cubs,
Base,136,Base,Carlos Narváez,Boston Red Sox,RC
Base,137,Base,Dustin Harris,Texas Rangers,RC
Base,138,Base,Matt Olson,Atlanta Braves,
Base,139,Base,Jacob Wilson,Athletics,RC
Base,140,Base,Caden Dana,Los Angeles Angels,RC
Base,141,Base,Zack Wheeler,Philadelphia Phillies,
Base,142,Base,Jackson Jobe,Detroit Tigers,RC
Base,143,Base,Juan Soto,New York Mets,
Base,144,Base,Randy Arozarena,Seattle Mariners,
Base,145,Base,Angel Martínez,Cleveland Guardians,RC
Base,146,Base,Michael Harris II,Atlanta Braves,
Base,147,Base,Denzel Clarke,Athletics,RC
Base,148,Base,Junior Caminero,Tampa Bay Rays,
Base,149,Base,Luis Robert Jr.,Chicago White Sox,
Base,150,Base,David Festa,Minnesota Twins,RC
Base,151,Base,Pete Alonso,New York Mets,
Base,152,Base,Tomoyuki Sugano,Baltimore Orioles,RC
Base,153,Base,Luke Keaschall,Minnesota Twins,RC
Base,154,Base,Coby Mayo,Baltimore Orioles,RC
Base,155,Base,Zach Dezenzo,Houston Astros,RC
Base,156,Base,Jazz Chisholm Jr.,New York Yankees,
Base,157,Base,Spencer Schwellenbach,Atlanta Braves,RC
Base,158,Base,Sandy Alcantara,Miami Marlins,
Base,159,Base,Paul Goldschmidt,New York Yankees,
Base,160,Base,Mick Abel,Minnesota Twins,RC
Base,161,Base,Logan O'Hoppe,Los Angeles Angels,
Base,162,Base,Chandler Simpson,Tampa Bay Rays,RC
Base,163,Base,Jackson Holliday,Baltimore Orioles,
Base,164,Base,Kyle Tucker,Chicago Cubs,
Base,165,Base,Ronald Acuña Jr.,Atlanta Braves,
Base,166,Base,Cam Smith,Houston Astros,RC
Base,167,Base,Griffin Conine,Miami Marlins,RC
Base,168,Base,Dylan Cease,San Diego Padres,
Base,169,Base,Will Smith,Los Angeles Dodgers,
Base,170,Base,Ben Williamson,Seattle Mariners,RC
Base,171,Base,William Contreras,Milwaukee Brewers,
Base,172,Base,Aaron Schunk,Colorado Rockies,RC
Base,173,Base,Edwin Díaz,New York Mets,
Base,174,Base,Ben Rice,New York Yankees,RC
Base,175,Base,Ketel Marte,Arizona Diamondbacks,
Base,176,Base,Alejandro Osuna,Texas Rangers,RC
Base,177,Base,CJ Abrams,Washington Nationals,
Base,178,Base,Trey Sweeney,Detroit Tigers,RC
Base,179,Base,Nolan Arenado,St. Louis Cardinals,
Base,180,Base,Kyle Manzardo,Cleveland Guardians,
Base,181,Base,Hyeseong Kim,Los Angeles Dodgers,RC
Base,182,Base,Alan Roden,Minnesota Twins,RC
Base,183,Base,Nick Kurtz,Athletics,RC
Base,184,Base,Drew Thorpe,Chicago White Sox,RC
Base,185,Base,Aaron Judge,New York Yankees,
Base,186,Base,Rafael Devers,San Francisco Giants,
Base,187,Base,Dansby Swanson,Chicago Cubs,
Base,188,Base,Mike Trout,Los Angeles Angels,
Base,189,Base,Wyatt Langford,Texas Rangers,
Base,190,Base,Corbin Burnes,Arizona Diamondbacks,
Base,191,Base,River Ryan,Los Angeles Dodgers,RC
Base,192,Base,Shota Imanaga,Chicago Cubs,
Base,193,Base,Kameron Misner,Tampa Bay Rays,RC
Base,194,Base,Dylan Crews,Washington Nationals,RC
Base,195,Base,Tyler Locklear,Arizona Diamondbacks,RC
Base,196,Base,Willy Adames,San Francisco Giants,
Base,197,Base,Caleb Durbin,Milwaukee Brewers,RC
Base,198,Base,Jacob deGrom,Texas Rangers,
Base,199,Base,Brent Rooker,Athletics,
Base,200,Base,Bryce Harper,Philadelphia Phillies,
Base,1,Base,James Wood,Washington Nationals,
Base,26,Base,Cade Horton,Chicago Cubs,
Base,35,Base,Matt Shaw,Chicago Cubs,
Base,47,Base,Kristian Campbell,Boston Red Sox,
Base,68,Base,Roki Sasaki,Los Angeles Dodgers,
Base,91,Base,Marcelo Mayer,Boston Red Sox,
Base,96,Base,Drake Baldwin,Atlanta Braves,
Base,129,Base,Brooks Lee,Minnesota Twins,
Base,139,Base,Jacob Wilson,Athletics,
Base,142,Base,Jackson Jobe,Detroit Tigers,
Base,154,Base,Coby Mayo,Baltimore Orioles,
Base,166,Base,Cam Smith,Houston Astros,
Base,174,Base,Ben Rice,New York Yankees,
Base,181,Base,Hyeseong Kim,Los Angeles Dodgers,
Base,183,Base,Nick Kurtz,Athletics,
Base,194,Base,Dylan Crews,Washington Nationals,
Autographs,CCA-AA,Cosmic Chrome Autographs,Adael Amador,Colorado Rockies,
Autographs,CCA-AM,Cosmic Chrome Autographs,Angel Martínez,Cleveland Guardians,
Autographs,CCA-AR,Cosmic Chrome Autographs,Adley Rutschman,Baltimore Orioles,
Autographs,CCA-ARI,Cosmic Chrome Autographs,Austin Riley,Atlanta Braves,
Autographs,CCA-AW,Cosmic Chrome Autographs,Austin Wells,New York Yankees,
Autographs,CCA-BL,Cosmic Chrome Autographs,Brooks Lee,Minnesota Twins,
Autographs,CCA-BR,Cosmic Chrome Autographs,Ben Rice,New York Yankees,
Autographs,CCA-CA,Cosmic Chrome Autographs,CJ Abrams,Washington Nationals,
Autographs,CCA-CC,Cosmic Chrome Autographs,Colton Cowser,Baltimore Orioles,
Autographs,CCA-CCA,Cosmic Chrome Autographs,Corbin Carroll,Arizona Diamondbacks,
Autographs,CCA-CK,Cosmic Chrome Autographs,Colt Keith,Detroit Tigers,
Autographs,CCA-CN,Cosmic Chrome Autographs,Connor Norby,Miami Marlins,
Autographs,CCA-CS,Cosmic Chrome Autographs,Cam Smith,Houston Astros,
Autographs,CCA-CY,Cosmic Chrome Autographs,Christian Yelich,Milwaukee Brewers,
Autographs,CCA-DC,Cosmic Chrome Autographs,Dylan Crews,Washington Nationals,
Autographs,CCA-DT,Cosmic Chrome Autographs,Drew Thorpe,Chicago White Sox,
Autographs,CCA-EC,Cosmic Chrome Autographs,Evan Carter,Texas Rangers,
Autographs,CCA-GM,Cosmic Chrome Autographs,Grant McCray,San Francisco Giants,
Autographs,CCA-HK,Cosmic Chrome Autographs,Hyeseong Kim,Los Angeles Dodgers,
Autographs,CCA-HW,Cosmic Chrome Autographs,Hurston Waldrep,Atlanta Braves,
Autographs,CCA-IH,Cosmic Chrome Autographs,Ian Happ,Chicago Cubs,
Autographs,CCA-JA,Cosmic Chrome Autographs,Jose Altuve,Houston Astros,
Autographs,CCA-JC,Cosmic Chrome Autographs,Jackson Chourio,Milwaukee Brewers,
Autographs,CCA-JD,Cosmic Chrome Autographs,Jasson Domínguez,New York Yankees,
Autographs,CCA-JH,Cosmic Chrome Autographs,Jackson Holliday,Baltimore Orioles,
Autographs,CCA-JJ,Cosmic Chrome Autographs,Jace Jung,Detroit Tigers,
Autographs,CCA-JM,Cosmic Chrome Autographs,Justyn-Henry Malloy,Detroit Tigers,
Autographs,CCA-JN,Cosmic Chrome Autographs,Jhonkensy Noel,Cleveland Guardians,
Autographs,CCA-JRA,Cosmic Chrome Autographs,José Ramírez,Cleveland Guardians,
Autographs,CCA-JW,Cosmic Chrome Autographs,Jacob Wilson,Athletics,
Autographs,CCA-JWO,Cosmic Chrome Autographs,James Wood,Washington Nationals,
Autographs,CCA-KA,Cosmic Chrome Autographs,Kevin Alcántara,Chicago Cubs,
Autographs,CCA-KC,Cosmic Chrome Autographs,Kristian Campbell,Boston Red Sox,
Autographs,CCA-KR,Cosmic Chrome Autographs,Kumar Rocker,Texas Rangers,
Autographs,CCA-LA,Cosmic Chrome Autographs,Luisangel Acuña,New York Mets,
Autographs,CCA-MC,Cosmic Chrome Autographs,Matt Chapman,San Francisco Giants,
Autographs,CCA-MM,Cosmic Chrome Autographs,Marcelo Mayer,Boston Red Sox,
Autographs,CCA-MMA,Cosmic Chrome Autographs,Manny Machado,San Diego Padres,
Autographs,CCA-MO,Cosmic Chrome Autographs,Matt Olson,Atlanta Braves,
Autographs,CCA-MSH,Cosmic Chrome Autographs,Matt Shaw,Chicago Cubs,
Autographs,CCA-NA,Cosmic Chrome Autographs,Nolan Arenado,St. Louis Cardinals,
Autographs,CCA-NAL,Cosmic Chrome Autographs,Nacho Alvarez Jr.,Atlanta Braves,
Autographs,CCA-NK,Cosmic Chrome Autographs,Nick Kurtz,Athletics,
Autographs,CCA-PS,Cosmic Chrome Autographs,Paul Skenes,Pittsburgh Pirates,
Autographs,CCA-RAC,Cosmic Chrome Autographs,Ronald Acuña Jr.,Atlanta Braves,
Autographs,CCA-RB,Cosmic Chrome Autographs,Ryan Bliss,Seattle Mariners,
Autographs,CCA-RH,Cosmic Chrome Autographs,Rece Hinds,Cincinnati Reds,
Autographs,CCA-RL,Cosmic Chrome Autographs,Rhett Lowder,Cincinnati Reds,
Autographs,CCA-RR,Cosmic Chrome Autographs,River Ryan,Los Angeles Dodgers,
Autographs,CCA-RS,Cosmic Chrome Autographs,Roki Sasaki,Los Angeles Dodgers,
Autographs,CCA-SS,Cosmic Chrome Autographs,Spencer Schwellenbach,Atlanta Braves,
Autographs,CCA-TL,Cosmic Chrome Autographs,Tyler Locklear,Seattle Mariners,
Autographs,CCA-TS,Cosmic Chrome Autographs,Thomas Saggese,St. Louis Cardinals,
Autographs,CCA-TT,Cosmic Chrome Autographs,Trea Turner,Philadelphia Phillies,
Autographs,CCA-WL,Cosmic Chrome Autographs,Wyatt Langford,Texas Rangers,
Autographs,CCA-YY,Cosmic Chrome Autographs,Yoshinobu Yamamoto,Los Angeles Dodgers,
Autographs,ETA-AJ,Cosmic Chrome Autographs,Aaron Judge,New York Yankees,
Autographs,ETA-BL,Cosmic Chrome Autographs,Brooks Lee,Minnesota Twins,
Autographs,ETA-CMA,Cosmic Chrome Autographs,Coby Mayo,Baltimore Orioles,
Autographs,ETA-ED,Cosmic Chrome Autographs,Elly De La Cruz,Cincinnati Reds,
Autographs,ETA-FL,Cosmic Chrome Autographs,Francisco Lindor,New York Mets,
Autographs,ETA-JC,Cosmic Chrome Autographs,Junior Caminero,Tampa Bay Rays,
Autographs,ETA-JCJ,Cosmic Chrome Autographs,Jazz Chisholm Jr.,New York Yankees,
Autographs,ETA-JJ,Cosmic Chrome Autographs,Jace Jung,Detroit Tigers,
Autographs,ETA-JJU,Cosmic Chrome Autographs,Josh Jung,Texas Rangers,
Autographs,ETA-JM,Cosmic Chrome Autographs,Jackson Merrill,San Diego Padres,
Autographs,ETA-JS,Cosmic Chrome Autographs,Juan Soto,New York Mets,
Autographs,ETA-KA,Cosmic Chrome Autographs,Kevin Alcántara,Chicago Cubs,
Autographs,ETA-KT,Cosmic Chrome Autographs,Kyle Tucker,Chicago Cubs,
Autographs,ETA-LA,Cosmic Chrome Autographs,Luisangel Acuña,New York Mets,
Autographs,ETA-MT,Cosmic Chrome Autographs,Mike Trout,Los Angeles Angels,
Autographs,ETA-RAC,Cosmic Chrome Autographs,Ronald Acuña Jr.,Atlanta Braves,
Autographs,ETA-RL,Cosmic Chrome Autographs,Rhett Lowder,Cincinnati Reds,
Autographs,ETA-RS,Cosmic Chrome Autographs,Roki Sasaki,Los Angeles Dodgers,
Autographs,LIOA-AB,Cosmic Chrome Autographs,Adrian Beltré,Texas Rangers,
Autographs,LIOA-AM,Cosmic Chrome Autographs,Andrew McCutchen,Pittsburgh Pirates,
Autographs,LIOA-AP,Cosmic Chrome Autographs,Albert Pujols,St. Louis Cardinals,
Autographs,LIOA-AR,Cosmic Chrome Autographs,Adley Rutschman,Baltimore Orioles,
Autographs,LIOA-ARI,Cosmic Chrome Autographs,Austin Riley,Atlanta Braves,
Autographs,LIOA-ARO,Cosmic Chrome Autographs,Alex Rodriguez,New York Yankees,
Autographs,LIOA-BB,Cosmic Chrome Autographs,Barry Bonds,San Francisco Giants,
Autographs,LIOA-BH,Cosmic Chrome Autographs,Bryce Harper,Philadelphia Phillies,
Autographs,LIOA-BP,Cosmic Chrome Autographs,Buster Posey,San Francisco Giants,
Autographs,LIOA-BR,Cosmic Chrome Autographs,Brent Rooker,Athletics,
Autographs,LIOA-CC,Cosmic Chrome Autographs,Colton Cowser,Baltimore Orioles,
Autographs,LIOA-CJ,Cosmic Chrome Autographs,Chipper Jones,Atlanta Braves,
Autographs,LIOA-CR,Cosmic Chrome Autographs,Cal Ripken Jr.,Baltimore Orioles,
Autographs,LIOA-DC,Cosmic Chrome Autographs,Dylan Crews,Washington Nationals,
Autographs,LIOA-DM,Cosmic Chrome Autographs,Dale Murphy,Atlanta Braves,
Autographs,LIOA-DMA,Cosmic Chrome Autographs,Don Mattingly,New York Yankees,
Autographs,LIOA-DO,Cosmic Chrome Autographs,David Ortiz,Boston Red Sox,
Autographs,LIOA-EM,Cosmic Chrome Autographs,Eddie Murray,Baltimore Orioles,
Autographs,LIOA-FM,Cosmic Chrome Autographs,Fred McGriff,Atlanta Braves,
Autographs,LIOA-FT,Cosmic Chrome Autographs,Frank Thomas,Chicago White Sox,
Autographs,LIOA-GB,Cosmic Chrome Autographs,George Brett,Kansas City Royals,
Autographs,LIOA-HM,Cosmic Chrome Autographs,Hideki Matsui,New York Yankees,
Autographs,LIOA-JB,Cosmic Chrome Autographs,Jeff Bagwell,Houston Astros,
Autographs,LIOA-JC,Cosmic Chrome Autographs,Jazz Chisholm Jr.,New York Yankees,
Autographs,LIOA-JJ,Cosmic Chrome Autographs,Josh Jung,Texas Rangers,
Autographs,LIOA-JN,Cosmic Chrome Autographs,Jhonkensy Noel,Cleveland Guardians,
Autographs,LIOA-JW,Cosmic Chrome Autographs,James Wood,Washington Nationals,
Autographs,LIOA-KA,Cosmic Chrome Autographs,Kevin Alcántara,Chicago Cubs,
Autographs,LIOA-KT,Cosmic Chrome Autographs,Kyle Tucker,Chicago Cubs,
Autographs,LIOA-MC,Cosmic Chrome Autographs,Miguel Cabrera,Detroit Tigers,
Autographs,LIOA-MM,Cosmic Chrome Autographs,Manny Machado,San Diego Padres,
Autographs,LIOA-MMC,Cosmic Chrome Autographs,Mark McGwire,St. Louis Cardinals,
Autographs,LIOA-MO,Cosmic Chrome Autographs,Marcell Ozuna,Atlanta Braves,
Autographs,LIOA-MOL,Cosmic Chrome Autographs,Matt Olson,Atlanta Braves,
Autographs,LIOA-MP,Cosmic Chrome Autographs,Mike Piazza,New York Mets,
Autographs,LIOA-MS,Cosmic Chrome Autographs,Mike Schmidt,Philadelphia Phillies,
Autographs,LIOA-MT,Cosmic Chrome Autographs,Mike Trout,Los Angeles Angels,
Autographs,LIOA-PA,Cosmic Chrome Autographs,Pete Alonso,New York Mets,
Autographs,LIOA-RH,Cosmic Chrome Autographs,Ryan Howard,Philadelphia Phillies,
Autographs,LIOA-RJ,Cosmic Chrome Autographs,Reggie Jackson,New York Yankees,
Autographs,LIOA-SO,Cosmic Chrome Autographs,Shohei Ohtani,Los Angeles Dodgers,
Autographs,LIOA-SS,Cosmic Chrome Autographs,Sammy Sosa,Chicago Cubs,
Autographs,LIOA-VG,Cosmic Chrome Autographs,Vladimir Guerrero,Los Angeles Angels,
Autographs,LIOA-YA,Cosmic Chrome Autographs,Yordan Alvarez,Houston Astros,
Autographs,SCDA-BD,Cosmic Chrome Autographs,Johnny Bench/Elly De La Cruz,Cincinnati Reds,
Autographs,SCDA-DC,Cosmic Chrome Autographs,CC Sabathia/Derek Jeter,New York Yankees,
Autographs,SCDA-GI,Cosmic Chrome Autographs,Ken Griffey Jr./Ichiro,Seattle Mariners,
Autographs,SCDA-HR,Cosmic Chrome Autographs,Julio Rodríguez/Félix Hernández,Seattle Mariners,
Autographs,SCDA-JA,Cosmic Chrome Autographs,Chipper Jones/Ronald Acuña Jr.,Atlanta Braves,
Autographs,SCDA-JC,Cosmic Chrome Autographs,Randy Johnson/Corbin Carroll,Arizona Diamondbacks,
Autographs,SCDA-JEJ,Cosmic Chrome Autographs,Aaron Judge/Derek Jeter,New York Yankees,
Autographs,SCDA-JW,Cosmic Chrome Autographs,Bo Jackson/Bobby Witt Jr.,Kansas City Royals,
Autographs,SCDA-KO,Cosmic Chrome Autographs,Shohei Ohtani/Sandy Koufax,Los Angeles Dodgers,
Autographs,SCDA-KY,Cosmic Chrome Autographs,Clayton Kershaw/Yoshinobu Yamamoto,Los Angeles Dodgers,
Autographs,SCDA-MS,Cosmic Chrome Autographs,Greg Maddux/Chris Sale,Atlanta Braves,
Autographs,SCDA-OS,Cosmic Chrome Autographs,Roki Sasaki/Shohei Ohtani,Los Angeles Dodgers,
Autographs,SCDA-PA,Cosmic Chrome Autographs,Pete Alonso/Mike Piazza,New York Mets,
Autographs,SCDA-PC,Cosmic Chrome Autographs,Will Clark/Buster Posey,San Francisco Giants,
Autographs,SCDA-PM,Cosmic Chrome Autographs,Mark McGwire/Albert Pujols,St. Louis Cardinals,
Autographs,SCDA-RH,Cosmic Chrome Autographs,Cal Ripken Jr./Gunnar Henderson,Baltimore Orioles,
Autographs,SCDA-SA,Cosmic Chrome Autographs,Kevin Alcántara/Ryne Sandberg,Chicago Cubs,
Autographs,SCDA-SC,Cosmic Chrome Autographs,Mike Schmidt/Steve Carlton,Philadelphia Phillies,
Autographs,SCDA-WC,Cosmic Chrome Autographs,James Wood/Dylan Crews,Washington Nationals,
Autographs,SCDA-YS,Cosmic Chrome Autographs,Yoshinobu Yamamoto/Roki Sasaki,Los Angeles Dodgers,
Autographs,SNA-AR,Cosmic Chrome Autographs,Adley Rutschman,Baltimore Orioles,
Autographs,SNA-BL,Cosmic Chrome Autographs,Brooks Lee,Minnesota Twins,
Autographs,SNA-BW,Cosmic Chrome Autographs,Bobby Witt Jr.,Kansas City Royals,
Autographs,SNA-CC,Cosmic Chrome Autographs,Corbin Carroll,Arizona Diamondbacks,
Autographs,SNA-DC,Cosmic Chrome Autographs,Dylan Crews,Washington Nationals,
Autographs,SNA-EC,Cosmic Chrome Autographs,Evan Carter,Texas Rangers,
Autographs,SNA-FT,Cosmic Chrome Autographs,Fernando Tatis Jr.,San Diego Padres,
Autographs,SNA-GH,Cosmic Chrome Autographs,Gunnar Henderson,Baltimore Orioles,
Autographs,SNA-HK,Cosmic Chrome Autographs,Hyeseong Kim,Los Angeles Dodgers,
Autographs,SNA-JC,Cosmic Chrome Autographs,Jackson Chourio,Milwaukee Brewers,
Autographs,SNA-JD,Cosmic Chrome Autographs,Jasson Domínguez,New York Yankees,
Autographs,SNA-JH,Cosmic Chrome Autographs,Jackson Holliday,Baltimore Orioles,
Autographs,SNA-JJ,Cosmic Chrome Autographs,Jackson Jobe,Detroit Tigers,
Autographs,SNA-JR,Cosmic Chrome Autographs,Julio Rodríguez,Seattle Mariners,
Autographs,SNA-JW,Cosmic Chrome Autographs,Jacob Wilson,Athletics,
Autographs,SNA-LA,Cosmic Chrome Autographs,Luis Arraez,San Diego Padres,
Autographs,SNA-PS,Cosmic Chrome Autographs,Paul Skenes,Pittsburgh Pirates,
Autographs,SNA-TS,Cosmic Chrome Autographs,Tarik Skubal,Detroit Tigers,
Autographs,SNA-TT,Cosmic Chrome Autographs,Trea Turner,Philadelphia Phillies,
Autographs,SNA-VG,Cosmic Chrome Autographs,Vladimir Guerrero Jr.,Toronto Blue Jays,
Autographs,SNA-WL,Cosmic Chrome Autographs,Wyatt Langford,Texas Rangers,
Autographs,SNA-YY,Cosmic Chrome Autographs,Yoshinobu Yamamoto,Los Angeles Dodgers,
Inserts,91,Aqua Equinox 150/199,Marcelo Mayer,Boston Red Sox,RC
Inserts,99,Aqua Equinox 162/199,Mookie Betts,Los Angeles Dodgers,
Inserts,LS-1,Superfractor /1,Bobby Witt Jr.,Kansas City Royals,
Inserts,LS-2,Superfractor /1,Elly De La Cruz,Cincinnati Reds,
Inserts,LS-3,Superfractor /1,Pete Crow-Armstrong,Chicago Cubs,
Inserts,LS-4,Superfractor /1,Wyatt Langford,Texas Rangers,
Inserts,LS-5,Superfractor /1,James Wood,Washington Nationals,
Inserts,LS-6,Superfractor /1,Jackson Chourio,Milwaukee Brewers,
Inserts,LS-7,Superfractor /1,Ronald Acuña Jr.,Atlanta Braves,
Inserts,LS-8,Superfractor /1,Trea Turner,Philadelphia Phillies,
Inserts,LS-9,Superfractor /1,Julio Rodríguez,Seattle Mariners,
Inserts,LS-10,Superfractor /1,Luisangel Acuña,New York Mets,
Inserts,LS-11,Superfractor /1,Jackson Holliday,Baltimore Orioles,
Inserts,LS-12,Superfractor /1,Marcelo Mayer,Boston Red Sox,
Inserts,LS-13,Superfractor /1,Dylan Crews,Washington Nationals,
Inserts,LS-14,Superfractor /1,Mike Trout,Los Angeles Angels,
Inserts,LS-15,Superfractor /1,Shohei Ohtani,Los Angeles Dodgers,
Inserts,LS-16,Superfractor /1,José Ramírez,Cleveland Guardians,
Inserts,LS-17,Superfractor /1,Jazz Chisholm Jr.,New York Yankees,
Inserts,LS-18,Superfractor /1,Corbin Carroll,Arizona Diamondbacks,
Inserts,LS-19,Superfractor /1,Francisco Lindor,New York Mets,
Inserts,LS-20,Superfractor /1,Ichiro,Seattle Mariners,
Inserts,LS-21,Superfractor /1,Rickey Henderson,Oakland Athletics,
Inserts,LS-22,Superfractor /1,Lou Brock,St. Louis Cardinals,
Inserts,LS-23,Superfractor /1,Bo Jackson,Kansas City Royals,
Inserts,LS-24,Superfractor /1,Chandler Simpson,Tampa Bay Rays,
Inserts,LS-25,Superfractor /1,Kristian Campbell,Boston Red Sox,
Inserts,UB-1,Superfractor /1,James Wood,Washington Nationals,
Inserts,UB-2,Superfractor /1,Dylan Crews,Washington Nationals,
Inserts,UB-3,Superfractor /1,Coby Mayo,Baltimore Orioles,
Inserts,UB-4,Superfractor /1,Brooks Lee,Minnesota Twins,
Inserts,UB-5,Superfractor /1,Nick Kurtz,Athletics,
Inserts,UB-6,Superfractor /1,Roki Sasaki,Los Angeles Dodgers,
Inserts,UB-7,Superfractor /1,Jace Jung,Detroit Tigers,
Inserts,UB-8,Superfractor /1,Jackson Jobe,Detroit Tigers,
Inserts,UB-9,Superfractor /1,Jacob Wilson,Athletics,
Inserts,UB-10,Superfractor /1,Marcelo Mayer,Boston Red Sox,
Inserts,UB-11,Superfractor /1,Cade Horton,Chicago Cubs,
Inserts,UB-12,Superfractor /1,Ben Rice,New York Yankees,
Inserts,UB-13,Superfractor /1,Luisangel Acuña,New York Mets,
Inserts,UB-14,Superfractor /1,Yoshinobu Yamamoto,Los Angeles Dodgers,
Inserts,UB-15,Superfractor /1,Elly De La Cruz,Cincinnati Reds,
Inserts,UB-16,Superfractor /1,Jasson Domínguez,New York Yankees,
Inserts,UB-17,Superfractor /1,Jackson Holliday,Baltimore Orioles,
Inserts,UB-18,Superfractor /1,Jackson Chourio,Milwaukee Brewers,
Inserts,UB-19,Superfractor /1,Jackson Merrill,San Diego Padres,
Inserts,UB-20,Superfractor /1,Paul Skenes,Pittsburgh Pirates,
Inserts,UB-21,Superfractor /1,Matt Shaw,Chicago Cubs,
Inserts,UB-22,Superfractor /1,Kristian Campbell,Boston Red Sox,
Inserts,UB-23,Superfractor /1,Drake Baldwin,Atlanta Braves,
Inserts,UB-24,Superfractor /1,Cam Smith,Houston Astros,
Inserts,UB-25,Superfractor /1,Chase Dollander,Colorado Rockies,
Inserts,DSC-1,Superfractor /1,Derek Jeter/Aaron Judge,New York Yankees,
Inserts,DSC-2,Superfractor /1,Ichiro/Ken Griffey Jr.,Seattle Mariners,
Inserts,DSC-3,Superfractor /1,Juan Soto/Francisco Lindor,New York Mets,
Inserts,DSC-4,Superfractor /1,Mookie Betts/Shohei Ohtani,Los Angeles Dodgers,
Inserts,DSC-5,Superfractor /1,Kristian Campbell/Marcelo Mayer,Boston Red Sox,
Inserts,DSC-6,Superfractor /1,Nick Kurtz/Jacob Wilson,Athletics,
Inserts,DSC-7,Superfractor /1,Pete Crow-Armstrong/Kyle Tucker,Chicago Cubs,
Inserts,DSC-8,Superfractor /1,James Wood/Dylan Crews,Washington Nationals,
Inserts,TSC-1,Superfractor /1,Shohei Ohtani/Roki Sasaki/Yoshinobu Yamamoto,Los Angeles Dodgers,
Inserts,TSC-2,Superfractor /1,Mickey Mantle/Aaron Judge/Babe Ruth,New York Yankees,
Inserts,TSC-3,Superfractor /1,Ken Griffey Jr./Ichiro/Julio Rodríguez,Seattle Mariners,
Inserts,TSC-4,Superfractor /1,Elly De La Cruz/Johnny Bench/Barry Larkin,Cincinnati Reds,
Inserts,TSC-5,Superfractor /1,Manny Machado/Fernando Tatis Jr./Jackson Merrill,San Diego Padres,
Inserts,TSC-6,Superfractor /1,Babe Ruth/Willie Mays/Hank Aaron,New York Yankees/San Francisco Giants/Atlanta Braves,
Inserts,TSC-7,Superfractor /1,Ronald Acuña Jr./Chipper Jones/Hank Aaron,Atlanta Braves,
Inserts,ET-1,Superfractor /1,Aaron Judge,New York Yankees,
Inserts,ET-2,Superfractor /1,Shohei Ohtani,Los Angeles Dodgers,
Inserts,ET-3,Superfractor /1,Bobby Witt Jr.,Kansas City Royals,
Inserts,ET-4,Superfractor /1,Elly De La Cruz,Cincinnati Reds,
Inserts,ET-5,Superfractor /1,José Ramírez,Cleveland Guardians,
Inserts,ET-6,Superfractor /1,Gunnar Henderson,Baltimore Orioles,
Inserts,ET-7,Superfractor /1,Mookie Betts,Los Angeles Dodgers,
Inserts,ET-8,Superfractor /1,Kyle Tucker,Chicago Cubs,
Inserts,ET-9,Superfractor /1,Corbin Carroll,Arizona Diamondbacks,
Inserts,ET-10,Superfractor /1,Juan Soto,New York Mets,
Inserts,ET-11,Superfractor /1,Fernando Tatis Jr.,San Diego Padres,
Inserts,ET-12,Superfractor /1,Julio Rodríguez,Seattle Mariners,
Inserts,ET-13,Superfractor /1,Vladimir Guerrero Jr.,Toronto Blue Jays,
Inserts,ET-14,Superfractor /1,Francisco Lindor,New York Mets,
Inserts,ET-15,Superfractor /1,Bryce Harper,Philadelphia Phillies,
Inserts,ET-16,Extraterrestrial Talent,Paul Skenes,Pittsburgh Pirates,
Inserts,ET-17,Superfractor /1,Ronald Acuña Jr.,Atlanta Braves,
Inserts,ET-18,Superfractor /1,Mike Trout,Los Angeles Angels,
Inserts,ET-19,Superfractor /1,Jackson Chourio,Milwaukee Brewers,
Inserts,ET-20,Superfractor /1,Tarik Skubal,Detroit Tigers,
Inserts,ET-21,Superfractor /1,Jackson Merrill,San Diego Padres,
Inserts,ET-22,Superfractor /1,Corey Seager,Texas Rangers,
Inserts,ET-23,Superfractor /1,Roki Sasaki,Los Angeles Dodgers,
Inserts,ET-24,Superfractor /1,James Wood,Washington Nationals,
Inserts,ET-25,Superfractor /1,Dylan Crews,Washington Nationals,
Inserts,ET-26,Superfractor /1,Nick Kurtz,Athletics,
Inserts,ET-27,Superfractor /1,Coby Mayo,Baltimore Orioles,
Inserts,ET-28,Superfractor /1,Jacob Wilson,Athletics,
Inserts,ET-29,Superfractor /1,Jackson Jobe,Detroit Tigers,
Inserts,ET-30,Superfractor /1,Cade Horton,Chicago Cubs,
Inserts,ET-31,Superfractor /1,Luisangel Acuña,New York Mets,
Inserts,ET-32,Superfractor /1,Matt Shaw,Chicago Cubs,
Inserts,ET-33,Superfractor /1,Kristian Campbell,Boston Red Sox,
Inserts,ET-34,Superfractor /1,Cam Smith,Houston Astros,
Inserts,ET-35,Superfractor /1,Marcelo Mayer,Boston Red Sox,
Inserts,LIO-1,Superfractor /1,Albert Pujols,St. Louis Cardinals,
Inserts,LIO-2,Superfractor /1,Shohei Ohtani,Los Angeles Dodgers,
Inserts,LIO-3,Superfractor /1,Aaron Judge,New York Yankees,
Inserts,LIO-4,Superfractor /1,Mark McGwire,St. Louis Cardinals,
Inserts,LIO-5,Superfractor /1,Ken Griffey Jr.,Seattle Mariners,
Inserts,LIO-6,Superfractor /1,Ted Williams,Boston Red Sox,
Inserts,LIO-7,Superfractor /1,Fernando Tatis Jr.,San Diego Padres,
Inserts,LIO-8,Superfractor /1,Alex Rodriguez,New York Yankees,
Inserts,LIO-9,Superfractor /1,Mike Piazza,New York Mets,
Inserts,LIO-10,Superfractor /1,Bryce Harper,Philadelphia Phillies,
Inserts,LIO-11,Superfractor /1,Juan Soto,New York Mets,
Inserts,LIO-12,Superfractor /1,David Ortiz,Boston Red Sox,
Inserts,LIO-13,Superfractor /1,Jasson Domínguez,New York Yankees,
Inserts,LIO-14,Superfractor /1,Reggie Jackson,Oakland Athletics,
Inserts,LIO-15,Superfractor /1,Chipper Jones,Atlanta Braves,
Inserts,LIO-16,Superfractor /1,Mike Schmidt,Philadelphia Phillies,
Inserts,LIO-17,Superfractor /1,Cal Ripken Jr.,Baltimore Orioles,
Inserts,LIO-18,Superfractor /1,Mickey Mantle,New York Yankees,
Inserts,LIO-19,Superfractor /1,Sammy Sosa,Chicago Cubs,
Inserts,LIO-20,Superfractor /1,Manny Machado,San Diego Padres,
Inserts,LIO-21,Superfractor /1,Elly De La Cruz,Cincinnati Reds,
Inserts,LIO-22,Superfractor /1,Adrian Beltré,Texas Rangers,
Inserts,LIO-23,Superfractor /1,Vladimir Guerrero,Los Angeles Angels,
Inserts,LIO-24,Superfractor /1,Pete Alonso,New York Mets,
Inserts,LIO-25,Superfractor /1,Cal Raleigh,Seattle Mariners,
Inserts,LIO-26,Superfractor /1,Vladimir Guerrero Jr.,Toronto Blue Jays,
Inserts,LIO-27,Superfractor /1,Ketel Marte,Arizona Diamondbacks,
Inserts,LIO-28,Superfractor /1,Alex Bregman,Boston Red Sox,
Inserts,LIO-29,Superfractor /1,Pete Crow-Armstrong,Chicago Cubs,
Inserts,LIO-30,Superfractor /1,Corey Seager,Texas Rangers,
Inserts,LIO-31,Superfractor /1,Coby Mayo,Baltimore Orioles,
Inserts,LIO-32,Superfractor /1,James Wood,Washington Nationals,
Inserts,LIO-33,Superfractor /1,Dylan Crews,Washington Nationals,
Inserts,LIO-34,Superfractor /1,Seiya Suzuki,Chicago Cubs,
Inserts,LIO-35,Superfractor /1,Yordan Alvarez,Houston Astros,
Inserts,LIO-36,Superfractor /1,Kyle Tucker,Chicago Cubs,
Inserts,LIO-37,Superfractor /1,Mike Trout,Los Angeles Angels,
Inserts,LIO-38,Superfractor /1,Miguel Cabrera,Detroit Tigers,
Inserts,LIO-39,Superfractor /1,Freddie Freeman,Los Angeles Dodgers,
Inserts,LIO-40,Superfractor /1,Hank Aaron,Atlanta Braves,
Inserts,LIO-41,Superfractor /1,Babe Ruth,New York Yankees,
Inserts,LIO-42,Superfractor /1,Giancarlo Stanton,New York Yankees,
Inserts,LIO-43,Superfractor /1,Frank Thomas,Chicago White Sox,
Inserts,LIO-44,Superfractor /1,Gunnar Henderson,Baltimore Orioles,
Inserts,LIO-45,Superfractor /1,Nick Kurtz,Athletics,
Inserts,LIO-46,Superfractor /1,Salvador Perez,Kansas City Royals,
Inserts,LIO-47,Superfractor /1,Mookie Betts,Los Angeles Dodgers,
Inserts,LIO-48,Superfractor /1,Francisco Lindor,New York Mets,
Inserts,LIO-49,Superfractor /1,Andrew McCutchen,Pittsburgh Pirates,
Inserts,LIO-50,Superfractor /1,Kristian Campbell,Boston Red Sox,
Inserts,STN-1,Superfractor /1,Jacob Wilson,Athletics,
Inserts,STN-2,Superfractor /1,Marcelo Mayer,Boston Red Sox,
Inserts,STN-3,Superfractor /1,Roki Sasaki,Los Angeles Dodgers,
Inserts,STN-4,Superfractor /1,James Wood,Washington Nationals,
Inserts,STN-5,Superfractor /1,Dylan Crews,Washington Nationals,
Inserts,STN-6,Superfractor /1,Coby Mayo,Baltimore Orioles,
Inserts,STN-7,Superfractor /1,Brooks Lee,Minnesota Twins,
Inserts,STN-8,Superfractor /1,Jace Jung,Detroit Tigers,
Inserts,STN-9,Superfractor /1,Hyeseong Kim,Los Angeles Dodgers,
Inserts,STN-10,Superfractor /1,Drake Baldwin,Atlanta Braves,
Inserts,STN-11,Superfractor /1,Connor Norby,Miami Marlins,
Inserts,STN-12,Superfractor /1,Kumar Rocker,Texas Rangers,
Inserts,STN-13,Superfractor /1,Vladimir Guerrero Jr.,Toronto Blue Jays,
Inserts,STN-14,Superfractor /1,Shohei Ohtani,Los Angeles Dodgers,
Inserts,STN-15,Superfractor /1,Kyle Tucker,Chicago Cubs,
Inserts,STN-16,Superfractor /1,Fernando Tatis Jr.,San Diego Padres,
Inserts,STN-17,Superfractor /1,Jackson Merrill,San Diego Padres,
Inserts,STN-18,Superfractor /1,Mike Trout,Los Angeles Angels,
Inserts,STN-19,Superfractor /1,Bobby Witt Jr.,Kansas City Royals,
Inserts,STN-20,Superfractor /1,Juan Soto,New York Mets,
Inserts,STN-21,Superfractor /1,Aaron Judge,New York Yankees,
Inserts,STN-22,Superfractor /1,Bryce Harper,Philadelphia Phillies,
Inserts,STN-23,Superfractor /1,Matt Shaw,Chicago Cubs,
Inserts,STN-24,Superfractor /1,Kristian Campbell,Boston Red Sox,
Inserts,STN-25,Superfractor /1,Cam Smith,Houston Astros,
Inserts,SN-1,Superfractor /1,Jackson Chourio,Milwaukee Brewers,
Inserts,SN-2,Superfractor /1,Jackson Merrill,San Diego Padres,
Inserts,SN-3,Superfractor /1,Elly De La Cruz,Cincinnati Reds,
Inserts,SN-4,Superfractor /1,Gunnar Henderson,Baltimore Orioles,
Inserts,SN-5,Superfractor /1,Bobby Witt Jr.,Kansas City Royals,
Inserts,SN-6,Superfractor /1,Juan Soto,New York Mets,
Inserts,SN-7,Superfractor /1,Ronald Acuña Jr.,Atlanta Braves,
Inserts,SN-8,Superfractor /1,Julio Rodríguez,Seattle Mariners,
Inserts,SN-9,Superfractor /1,Paul Skenes,Pittsburgh Pirates,
Inserts,SN-10,Superfractor /1,James Wood,Washington Nationals,
Inserts,SN-11,Superfractor /1,Dylan Crews,Washington Nationals,
Inserts,SN-12,Superfractor /1,Roki Sasaki,Los Angeles Dodgers,
Inserts,SN-13,Superfractor /1,Coby Mayo,Baltimore Orioles,
Inserts,SN-14,Superfractor /1,Luisangel Acuña,New York Mets,
Inserts,SN-15,Superfractor /1,Brooks Lee,Minnesota Twins,
Inserts,SN-16,Superfractor /1,Marcelo Mayer,Boston Red Sox,
Inserts,SN-17,Superfractor /1,Jackson Jobe,Detroit Tigers,
Inserts,SN-18,Superfractor /1,Nick Kurtz,Athletics,
Inserts,SN-19,Superfractor /1,Jacob Wilson,Athletics,
Inserts,SN-20,Superfractor /1,Matt Shaw,Chicago Cubs,
Inserts,SN-21,Superfractor /1,Kristian Campbell,Boston Red Sox,
Inserts,SN-22,Superfractor /1,Dalton Rushing,Los Angeles Dodgers,
Inserts,SN-23,Superfractor /1,Cam Smith,Houston Astros,
Inserts,SN-24,Superfractor /1,Chase Dollander,Colorado Rockies,
Inserts,SN-25,Superfractor /1,Edgar Quero,Chicago White Sox,
Inserts,P-1,Planetarium,Aaron Judge,New York Yankees,
Inserts,P-2,Planetarium,Shohei Ohtani,Los Angeles Dodgers,
Inserts,P-3,Planetarium,Mookie Betts,Los Angeles Dodgers,
Inserts,P-4,Planetarium,Bryce Harper,Philadelphia Phillies,
Inserts,P-5,Planetarium,Pete Alonso,New York Mets,
Inserts,P-6,Planetarium,Manny Machado,San Diego Padres,
Inserts,P-7,Planetarium,Marcelo Mayer,Boston Red Sox,
Inserts,P-8,Planetarium,Shota Imanaga,Chicago Cubs,
Inserts,P-9,Planetarium,Francisco Lindor,New York Mets,
Inserts,P-10,Planetarium,Bobby Witt Jr.,Kansas City Royals,
Inserts,P-11,Planetarium,Andrew McCutchen,Pittsburgh Pirates,
Inserts,P-12,Planetarium,Drake Baldwin,Atlanta Braves,
Inserts,P-13,Planetarium,Mike Trout,Los Angeles Angels,
Inserts,P-14,Planetarium,José Ramírez,Cleveland Guardians,
Inserts,P-15,Planetarium,Roki Sasaki,Los Angeles Dodgers,
Inserts,P-16,Planetarium,Dylan Crews,Washington Nationals,
Inserts,P-17,Planetarium,Coby Mayo,Baltimore Orioles,
Inserts,P-18,Planetarium,Ben Rice,New York Yankees,
Inserts,P-19,Planetarium,Jacob Wilson,Athletics,
Inserts,P-20,Planetarium,Luisangel Acuña,New York Mets,
Inserts,P-21,Planetarium,James Wood,Washington Nationals,
Inserts,P-22,Planetarium,Dalton Rushing,Los Angeles Dodgers,
Inserts,P-23,Planetarium,Matt Shaw,Chicago Cubs,
Inserts,P-24,Planetarium,Kristian Campbell,Boston Red Sox,
Inserts,P-25,Planetarium,Cam Smith,Houston Astros,
Inserts,S-1,Superfractor /1,Shohei Ohtani,Los Angeles Dodgers,
Inserts,S-2,Superfractor /1,Aaron Judge,New York Yankees,
Inserts,S-3,Superfractor /1,Elly De La Cruz,Cincinnati Reds,
Inserts,S-4,Superfractor /1,Kyle Tucker,Chicago Cubs,
Inserts,S-5,Superfractor /1,Paul Skenes,Pittsburgh Pirates,
Inserts,S-6,Superfractor /1,Corey Seager,Texas Rangers,
Inserts,S-7,Superfractor /1,Gunnar Henderson,Baltimore Orioles,
Inserts,S-8,Superfractor /1,Bobby Witt Jr.,Kansas City Royals,
Inserts,S-9,Superfractor /1,Bryce Harper,Philadelphia Phillies,
Inserts,S-10,Superfractor /1,Clayton Kershaw,Los Angeles Dodgers,
Inserts,S-11,Superfractor /1,Juan Soto,New York Mets,
Inserts,S-12,Superfractor /1,Yordan Alvarez,Houston Astros,
Inserts,S-13,Superfractor /1,Jackson Chourio,Milwaukee Brewers,
Inserts,S-14,Superfractor /1,Ronald Acuña Jr.,Atlanta Braves,
Inserts,S-15,Superfractor /1,James Wood,Washington Nationals,
Inserts,S-16,Superfractor /1,Dylan Crews,Washington Nationals,
Inserts,S-17,Superfractor /1,Roki Sasaki,Los Angeles Dodgers,
Inserts,S-18,Superfractor /1,Jacob Wilson,Athletics,
Inserts,S-19,Superfractor /1,Nick Kurtz,Athletics,
Inserts,S-20,Superfractor /1,Jackson Jobe,Detroit Tigers,
Inserts,S-21,Superfractor /1,Rhett Lowder,Cincinnati Reds,
Inserts,S-22,Superfractor /1,Marcelo Mayer,Boston Red Sox,
Inserts,S-23,Superfractor /1,Matt Shaw,Chicago Cubs,
Inserts,S-24,Superfractor /1,Kristian Campbell,Boston Red Sox,
Inserts,S-25,Superfractor /1,Cam Smith,Houston Astros,
Inserts,SF-1,Superfractor /1,Jackson Chourio,Milwaukee Brewers,
Inserts,SF-2,Superfractor /1,Jackson Holliday,Baltimore Orioles,
Inserts,SF-3,Superfractor /1,Wyatt Langford,Texas Rangers,
Inserts,SF-4,Superfractor /1,José Ramírez,Cleveland Guardians,
Inserts,SF-5,Superfractor /1,Freddie Freeman,Los Angeles Dodgers,
Inserts,SF-6,Superfractor /1,Gunnar Henderson,Baltimore Orioles,
Inserts,SF-7,Superfractor /1,Bryce Harper,Philadelphia Phillies,
Inserts,SF-8,Superfractor /1,Kyle Tucker,Chicago Cubs,
Inserts,SF-9,Superfractor /1,Francisco Lindor,New York Mets,
Inserts,SF-10,Superfractor /1,Corbin Carroll,Arizona Diamondbacks,
Inserts,SF-11,Superfractor /1,Trea Turner,Philadelphia Phillies,
Inserts,SF-12,Superfractor /1,Jose Altuve,Houston Astros,
Inserts,SF-13,Superfractor /1,Bobby Witt Jr.,Kansas City Royals,
Inserts,SF-14,Superfractor /1,Shohei Ohtani,Los Angeles Dodgers,
Inserts,SF-15,Superfractor /1,Aaron Judge,New York Yankees,
Inserts,SF-16,Superfractor /1,Elly De La Cruz,Cincinnati Reds,
Inserts,SF-17,Superfractor /1,Juan Soto,New York Mets,
Inserts,SF-18,Superfractor /1,Mookie Betts,Los Angeles Dodgers,
Inserts,SF-19,Superfractor /1,Fernando Tatis Jr.,San Diego Padres,
Inserts,SF-20,Superfractor /1,Vladimir Guerrero Jr.,Toronto Blue Jays,
Inserts,SF-21,Superfractor /1,Yordan Alvarez,Houston Astros,
Inserts,SF-22,Superfractor /1,Julio Rodríguez,Seattle Mariners,
Inserts,SF-23,Superfractor /1,Tarik Skubal,Detroit Tigers,
Inserts,SF-24,Superfractor /1,Riley Greene,Detroit Tigers,
Inserts,SF-25,Superfractor /1,Paul Skenes,Pittsburgh Pirates,
Inserts,SF-26,Superfractor /1,Dalton Rushing,Los Angeles Dodgers,
Inserts,SF-27,Superfractor /1,Zack Wheeler,Philadelphia Phillies,
Inserts,SF-28,Superfractor /1,Clayton Kershaw,Los Angeles Dodgers,
Inserts,SF-29,Superfractor /1,Jackson Merrill,San Diego Padres,
Inserts,SF-30,Superfractor /1,Jazz Chisholm Jr.,New York Yankees,
Inserts,SF-31,Superfractor /1,Ketel Marte,Arizona Diamondbacks,
Inserts,SF-32,Superfractor /1,Ronald Acuña Jr.,Atlanta Braves,
Inserts,SF-33,Superfractor /1,Austin Riley,Atlanta Braves,
Inserts,SF-34,Superfractor /1,Rafael Devers,San Francisco Giants,
Inserts,SF-35,Superfractor /1,Alex Bregman,Boston Red Sox,
Inserts,SF-36,Superfractor /1,Nolan Arenado,St. Louis Cardinals,
Inserts,SF-37,Superfractor /1,Manny Machado,San Diego Padres,
Inserts,SF-38,Superfractor /1,Cal Raleigh,Seattle Mariners,
Inserts,SF-39,Superfractor /1,Cody Bellinger,New York Yankees,
Inserts,SF-40,Superfractor /1,Corey Seager,Texas Rangers,
Inserts,SF-41,Superfractor /1,Evan Carter,Texas Rangers,
Inserts,SF-42,Superfractor /1,Chris Sale,Atlanta Braves,
Inserts,SF-43,Superfractor /1,Pete Alonso,New York Mets,
Inserts,SF-44,Superfractor /1,Ozzie Albies,Atlanta Braves,
Inserts,SF-45,Superfractor /1,William Contreras,Milwaukee Brewers,
Inserts,SF-46,Superfractor /1,Christian Yelich,Milwaukee Brewers,
Inserts,SF-47,Superfractor /1,Masyn Winn,St. Louis Cardinals,
Inserts,SF-48,Superfractor /1,Bo Bichette,Toronto Blue Jays,
Inserts,SF-49,Superfractor /1,Mike Trout,Los Angeles Angels,
Inserts,SF-50,Superfractor /1,Kyle Schwarber,Philadelphia Phillies,
Inserts,SF-51,Superfractor /1,Salvador Perez,Kansas City Royals,
Inserts,SF-52,Superfractor /1,Yoshinobu Yamamoto,Los Angeles Dodgers,
Inserts,SF-53,Superfractor /1,Brent Rooker,Athletics,
Inserts,SF-54,Superfractor /1,Lawrence Butler,Athletics,
Inserts,SF-55,Superfractor /1,Oneil Cruz,Pittsburgh Pirates,
Inserts,SF-56,Superfractor /1,Hunter Greene,Cincinnati Reds,
Inserts,SF-57,Superfractor /1,Shota Imanaga,Chicago Cubs,
Inserts,SF-58,Superfractor /1,Byron Buxton,Minnesota Twins,
Inserts,SF-59,Superfractor /1,Aaron Nola,Philadelphia Phillies,
Inserts,SF-60,Superfractor /1,Adley Rutschman,Baltimore Orioles,
Inserts,SF-61,Superfractor /1,Junior Caminero,Tampa Bay Rays,
Inserts,SF-62,Superfractor /1,Willy Adames,San Francisco Giants,
Inserts,SF-63,Superfractor /1,Luis Robert Jr.,Chicago White Sox,
Inserts,SF-64,Superfractor /1,Seiya Suzuki,Chicago Cubs,
Inserts,SF-65,Superfractor /1,Roki Sasaki,Los Angeles Dodgers,
Inserts,SF-66,Superfractor /1,James Wood,Washington Nationals,
Inserts,SF-67,Superfractor /1,Dylan Crews,Washington Nationals,
Inserts,SF-68,Superfractor /1,Jacob Wilson,Athletics,
Inserts,SF-69,Superfractor /1,Coby Mayo,Baltimore Orioles,
Inserts,SF-70,Superfractor /1,Brooks Lee,Minnesota Twins,
Inserts,SF-71,Superfractor /1,Hyeseong Kim,Los Angeles Dodgers,
Inserts,SF-72,Superfractor /1,Jace Jung,Detroit Tigers,
Inserts,SF-73,Superfractor /1,Jackson Jobe,Detroit Tigers,
Inserts,SF-74,Superfractor /1,Kevin Alcántara,Chicago Cubs,
Inserts,SF-75,Superfractor /1,Rhett Lowder,Cincinnati Reds,
Inserts,SF-76,Superfractor /1,Luisangel Acuña,New York Mets,
Inserts,SF-77,Superfractor /1,Kumar Rocker,Texas Rangers,
Inserts,SF-78,Superfractor /1,Adael Amador,Colorado Rockies,
Inserts,SF-79,Superfractor /1,Angel Martínez,Cleveland Guardians,
Inserts,SF-80,Superfractor /1,Ben Rice,New York Yankees,
Inserts,SF-81,Superfractor /1,Connor Norby,Miami Marlins,
Inserts,SF-82,Superfractor /1,Agustín Ramírez,Miami Marlins,
Inserts,SF-83,Superfractor /1,Rece Hinds,Cincinnati Reds,
Inserts,SF-84,Superfractor /1,Thomas Saggese,St. Louis Cardinals,
Inserts,SF-85,Superfractor /1,Edgar Quero,Chicago White Sox,
Inserts,SF-86,Superfractor /1,Marcelo Mayer,Boston Red Sox,
Inserts,SF-87,Superfractor /1,Orelvis Martinez,Toronto Blue Jays,
Inserts,SF-88,Superfractor /1,Spencer Schwellenbach,Atlanta Braves,
Inserts,SF-89,Superfractor /1,Tomoyuki Sugano,Baltimore Orioles,
Inserts,SF-90,Superfractor /1,Caden Dana,Los Angeles Angels,
Inserts,SF-91,Superfractor /1,Cade Horton,Chicago Cubs,
Inserts,SF-92,Superfractor /1,Jung Hoo Lee,San Francisco Giants,
Inserts,SF-93,Superfractor /1,Nick Kurtz,Athletics,
Inserts,SF-94,Superfractor /1,Spencer Torkelson,Detroit Tigers,
Inserts,SF-95,Superfractor /1,Matt Shaw,Chicago Cubs,
Inserts,SF-96,Superfractor /1,Kristian Campbell,Boston Red Sox,
Inserts,SF-97,Superfractor /1,Drake Baldwin,Atlanta Braves,
Inserts,SF-98,Superfractor /1,Cam Smith,Houston Astros,
Inserts,SF-99,Superfractor /1,Moisés Ballesteros,Chicago Cubs,
Inserts,SF-100,Superfractor /1,Chase Dollander,Colorado Rockies,
Inserts,PPE-1,100 cards,Aaron Judge,New York Yankees,
Inserts,PPE-2,100 cards,Shohei Ohtani,Los Angeles Dodgers,
Inserts,PPE-3,100 cards,Ronald Acuña Jr.,Atlanta Braves,
Inserts,PPE-4,100 cards,Francisco Lindor,New York Mets,
Inserts,PPE-5,100 cards,Vladimir Guerrero Jr.,Toronto Blue Jays,
Inserts,PPE-6,100 cards,Roki Sasaki,Los Angeles Dodgers,
Inserts,PPE-7,100 cards,James Wood,Washington Nationals,
Inserts,PPE-8,100 cards,Dylan Crews,Washington Nationals,
Inserts,PPE-9,100 cards,Pete Crow-Armstrong,Chicago Cubs,
Inserts,PPE-10,100 cards,Marcelo Mayer,Boston Red Sox,
Inserts,PPJ-1,100 cards,Aaron Judge,New York Yankees,
Inserts,PPJ-2,100 cards,Shohei Ohtani,Los Angeles Dodgers,
Inserts,PPJ-3,100 cards,Ronald Acuña Jr.,Atlanta Braves,
Inserts,PPJ-4,100 cards,Francisco Lindor,New York Mets,
Inserts,PPJ-5,100 cards,Vladimir Guerrero Jr.,Toronto Blue Jays,
Inserts,PPJ-6,100 cards,Roki Sasaki,Los Angeles Dodgers,
Inserts,PPJ-7,100 cards,James Wood,Washington Nationals,
Inserts,PPJ-8,100 cards,Dylan Crews,Washington Nationals,
Inserts,PPJ-9,100 cards,Pete Crow-Armstrong,Chicago Cubs,
Inserts,PPJ-10,100 cards,Marcelo Mayer,Boston Red Sox,
Inserts,PPM-1,100 cards,Aaron Judge,New York Yankees,
Inserts,PPM-2,100 cards,Shohei Ohtani,Los Angeles Dodgers,
Inserts,PPM-3,100 cards,Ronald Acuña Jr.,Atlanta Braves,
Inserts,PPM-4,100 cards,Francisco Lindor,New York Mets,
Inserts,PPM-5,100 cards,Vladimir Guerrero Jr.,Toronto Blue Jays,
Inserts,PPM-6,100 cards,Roki Sasaki,Los Angeles Dodgers,
Inserts,PPM-7,100 cards,James Wood,Washington Nationals,
Inserts,PPM-8,100 cards,Dylan Crews,Washington Nationals,
Inserts,PPM-9,100 cards,Pete Crow-Armstrong,Chicago Cubs,
Inserts,PPM-10,100 cards,Marcelo Mayer,Boston Red Sox,
Inserts,PPMA-1,100 cards,Aaron Judge,New York Yankees,
Inserts,PPMA-2,100 cards,Shohei Ohtani,Los Angeles Dodgers,
Inserts,PPMA-3,100 cards,Ronald Acuña Jr.,Atlanta Braves,
Inserts,PPMA-4,100 cards,Francisco Lindor,New York Mets,
Inserts,PPMA-5,100 cards,Vladimir Guerrero Jr.,Toronto Blue Jays,
Inserts,PPMA-6,100 cards,Roki Sasaki,Los Angeles Dodgers,
Inserts,PPMA-7,100 cards,James Wood,Washington Nationals,
Inserts,PPMA-8,100 cards,Dylan Crews,Washington Nationals,
Inserts,PPMA-9,100 cards,Pete Crow-Armstrong,Chicago Cubs,
Inserts,PPMA-10,100 cards,Marcelo Mayer,Boston Red Sox,
Inserts,PPN-1,100 cards,Aaron Judge,New York Yankees,
Inserts,PPN-2,100 cards,Shohei Ohtani,Los Angeles Dodgers,
Inserts,PPN-3,100 cards,Ronald Acuña Jr.,Atlanta Braves,
Inserts,PPN-4,100 cards,Francisco Lindor,New York Mets,
Inserts,PPN-5,100 cards,Vladimir Guerrero Jr.,Toronto Blue Jays,
Inserts,PPN-6,100 cards,Roki Sasaki,Los Angeles Dodgers,
Inserts,PPN-7,100 cards,James Wood,Washington Nationals,
Inserts,PPN-8,100 cards,Dylan Crews,Washington Nationals,
Inserts,PPN-9,100 cards,Pete Crow-Armstrong,Chicago Cubs,
Inserts,PPN-10,100 cards,Marcelo Mayer,Boston Red Sox,
Inserts,PPP-1,100 cards,Aaron Judge,New York Yankees,
Inserts,PPP-2,100 cards,Shohei Ohtani,Los Angeles Dodgers,
Inserts,PPP-3,100 cards,Ronald Acuña Jr.,Atlanta Braves,
Inserts,PPP-4,100 cards,Francisco Lindor,New York Mets,
Inserts,PPP-5,100 cards,Vladimir Guerrero Jr.,Toronto Blue Jays,
Inserts,PPP-6,100 cards,Roki Sasaki,Los Angeles Dodgers,
Inserts,PPP-7,100 cards,James Wood,Washington Nationals,
Inserts,PPP-8,100 cards,Dylan Crews,Washington Nationals,
Inserts,PPP-9,100 cards,Pete Crow-Armstrong,Chicago Cubs,
Inserts,PPP-10,100 cards,Marcelo Mayer,Boston Red Sox,
Inserts,PPS-1,100 cards,Aaron Judge,New York Yankees,
Inserts,PPS-2,100 cards,Shohei Ohtani,Los Angeles Dodgers,
Inserts,PPS-3,100 cards,Ronald Acuña Jr.,Atlanta Braves,
Inserts,PPS-4,100 cards,Francisco Lindor,New York Mets,
Inserts,PPS-5,100 cards,Vladimir Guerrero Jr.,Toronto Blue Jays,
Inserts,PPS-6,100 cards,Roki Sasaki,Los Angeles Dodgers,
Inserts,PPS-7,100 cards,James Wood,Washington Nationals,
Inserts,PPS-8,Planetary Pursuit,Dylan Crews,Washington Nationals,
Inserts,PPS-9,,Pete Crow-Armstrong,Chicago Cubs,
Inserts,PPS-10,Useful Sites..,Marcelo Mayer,Boston Red Sox,
Inserts,PPST-1,,Aaron Judge,New York Yankees,
Inserts,PPST-2,,Shohei Ohtani,Los Angeles Dodgers,
Inserts,PPST-3,PSA$25 Off Code: PC25,Ronald Acuña Jr.,Atlanta Braves,
Inserts,PPST-4,,Francisco Lindor,New York Mets,
Inserts,PPST-5,,Vladimir Guerrero Jr.,Toronto Blue Jays,
Inserts,PPST-6,,Roki Sasaki,Los Angeles Dodgers,
Inserts,PPST-7,+ Collection,James Wood,Washington Nationals,
Inserts,PPST-8,+ Wishlist,Dylan Crews,Washington Nationals,
Inserts,PPST-9,,Pete Crow-Armstrong,Chicago Cubs,
Inserts,PPST-10,,Marcelo Mayer,Boston Red Sox,
Inserts,PPU-1,,Aaron Judge,New York Yankees,
Inserts,PPU-2,,Shohei Ohtani,Los Angeles Dodgers,
Inserts,PPU-3,,Ronald Acuña Jr.,Atlanta Braves,
Inserts,PPU-4,100 cards,Francisco Lindor,New York Mets,
Inserts,PPU-5,100 cards,Vladimir Guerrero Jr.,Toronto Blue Jays,
Inserts,PPU-6,100 cards,Roki Sasaki,Los Angeles Dodgers,
Inserts,PPU-7,100 cards,James Wood,Washington Nationals,
Inserts,PPU-8,100 cards,Dylan Crews,Washington Nationals,
Inserts,PPU-9,100 cards,Pete Crow-Armstrong,Chicago Cubs,
Inserts,PPU-10,100 cards,Marcelo Mayer,Boston Red Sox,
Inserts,PPV-1,100 cards,Aaron Judge,New York Yankees,
Inserts,PPV-2,100 cards,Shohei Ohtani,Los Angeles Dodgers,
Inserts,PPV-3,100 cards,Ronald Acuña Jr.,Atlanta Braves,
Inserts,PPV-4,100 cards,Francisco Lindor,New York Mets,
Inserts,PPV-5,100 cards,Vladimir Guerrero Jr.,Toronto Blue Jays,
Inserts,PPV-6,100 cards,Roki Sasaki,Los Angeles Dodgers,
Inserts,PPV-7,100 cards,James Wood,Washington Nationals,
Inserts,PPV-8,100 cards,Dylan Crews,Washington Nationals,
Inserts,PPV-9,100 cards,Pete Crow-Armstrong,Chicago Cubs,
Inserts,PPV-10,100 cards,Marcelo Mayer,Boston Red Sox,
